Vorname	Nachname	E-Mail Adresse		
Bernd	Claus	bernd.claus@chatscape.com		
Zoe	Yahui	zoe.yahui@chatscape.com		
Kazbi	Brigit	kazbi.brigit@chatscape.com		
Bruno	Likas	bruno.likas@chatscape.com		
Kristin	Ava	kristin.ava@chatscape.com		
Janine	Benno	janine.benno@chatscape.com		
Annika	Siegbert	annika.siegbert@chatscape.com		
Sibylle	Utz	sibylle.utz@chatscape.com		
Stephanie	Holger	stephanie.holger@chatscape.com		
Niko	Erik	niko.erik@chatscape.com		
Olaf	Rochus	olaf.rochus@chatscape.com		
Lars	Henning	lars.henning@chatscape.com		
Ralph	Volker	ralph.volker@chatscape.com		
Carmen	Mathis	carmen.mathis@chatscape.com		
Valeria	Josephine	valeria.josephine@chatscape.com		
